{"cameraMode":{"drawMode":0,"name":"Shaded","section":"Shading Mode"},"sceneLighting":false,"audioPlay":false,"sceneViewState":{"m_AlwaysRefresh":false,"showFog":true,"showSkybox":false,"showFlares":true,"showImageEffects":true,"showParticleSystems":true,"showVisualEffectGraphs":true,"m_FxEnabled":true},"in2DMode":false,"pivot":{"x":1.9676848649978638,"y":1.2803146839141846,"z":1.3547885417938233},"rotation":{"x":0.03709612041711807,"y":0.750174880027771,"z":-0.042042117565870288,"w":0.6587348580360413},"size":2.157149076461792,"orthographic":false}