{"cameraMode":{"drawMode":0,"name":"Shaded","section":"Shading Mode"},"sceneLighting":false,"audioPlay":false,"sceneViewState":{"m_AlwaysRefresh":false,"showFog":true,"showSkybox":false,"showFlares":true,"showImageEffects":true,"showParticleSystems":true,"showVisualEffectGraphs":true,"m_FxEnabled":true},"in2DMode":false,"pivot":{"x":10.903139114379883,"y":1.7184840440750123,"z":6.841472625732422},"rotation":{"x":-0.004827742464840412,"y":0.9887074828147888,"z":-0.03324540704488754,"w":-0.1457982063293457},"size":2.172579288482666,"orthographic":false}