{"cameraMode":{"drawMode":0,"name":"Shaded","section":"Shading Mode"},"sceneLighting":false,"audioPlay":false,"sceneViewState":{"m_AlwaysRefresh":false,"showFog":true,"showSkybox":false,"showFlares":true,"showImageEffects":true,"showParticleSystems":true,"showVisualEffectGraphs":true,"m_FxEnabled":true},"in2DMode":false,"pivot":{"x":39.436668395996097,"y":18.048507690429689,"z":91.8620834350586},"rotation":{"x":0.008440067060291767,"y":0.9913244843482971,"z":0.10386461764574051,"w":-0.07987093925476074},"size":0.06393694877624512,"orthographic":false}